Timestamp;Lat;Lon;AQI;dB;battery;eCO2;TEMP;HUMI;TVOC
2025-02-15 06:58:47;13.70002747;-89.20049286;1;62;4.31;407;19.53;100.0;27
2025-02-15 06:58:58;13.6999836;-89.20049286;1;68;4.39;414;19.67;100.0;30
2025-02-15 06:59:08;13.69996929;-89.20050049;1;61;4.32;401;19.78;100.0;24
2025-02-15 06:59:18;13.70004272;-89.20046234;1;66;4.36;410;19.81;100.0;28
2025-02-15 06:59:28;13.70007038;-89.2004776;1;62;4.33;450;19.83;100.0;47
2025-02-15 06:59:38;13.70015335;-89.20044708;2;59;4.31;502;19.83;100.0;73
2025-02-15 06:59:49;13.7002182;-89.20043945;1;62;4.3;405;19.45;100.0;26
2025-02-15 06:59:59;13.70025253;-89.20043182;1;66;4.3;400;19.53;100.0;21
2025-02-15 07:00:09;13.70015144;-89.20043945;1;63;4.33;405;19.5;100.0;26
2025-02-15 07:00:37;13.7005043;-89.20043945;1;63;4.34;405;19.83;100.0;26
2025-02-15 07:00:48;13.70061111;-89.20025635;1;65;4.36;412;19.98;100.0;29
2025-02-15 07:00:58;13.70062733;-89.20011139;1;64;4.36;419;20.11;100.0;32
2025-02-15 07:01:08;13.70060158;-89.20020294;1;65;4.35;430;20.25;100.0;37
2025-02-15 07:01:18;13.70054722;-89.20044708;1;67;4.36;434;20.37;100.0;39
2025-02-15 07:01:28;13.70052147;-89.20031738;2;69;4.38;487;20.51;100.0;65
2025-02-15 07:04:41;13.70065975;-89.20058441;1;63;4.3;416;22.11;91.72;31
2025-02-15 07:04:51;13.70069504;-89.20058441;1;65;4.38;412;22.05;91.56;29
2025-02-15 07:05:01;13.70075417;-89.20056152;1;69;4.32;400;21.78;89.97;17
2025-02-15 07:05:12;13.70080185;-89.2006073;1;75;4.35;400;21.64;91.26;18
2025-02-15 07:05:22;13.70077515;-89.20070648;1;82;4.39;404;21.65;93.46;26
2025-02-15 07:05:32;13.70095444;-89.20069122;2;71;4.37;569;21.7;95.18;112
2025-02-15 07:05:42;13.70098782;-89.20075226;1;74;4.32;466;21.61;93.19;55
2025-02-15 07:05:53;13.70098686;-89.20082092;2;68;4.37;578;21.69;93.34;117
2025-02-15 07:06:04;13.70097733;-89.20089722;2;71;4.27;609;21.74;94.77;138
2025-02-15 07:06:14;13.70091915;-89.20097351;2;72;4.27;550;21.77;91.54;101
2025-02-15 07:06:24;13.70095921;-89.20107269;1;71;4.35;483;21.59;90.67;63
2025-02-15 07:06:33;13.70097256;-89.20124054;3;67;4.31;798;21.52;93.38;295
2025-02-15 07:06:47;13.7009449;-89.20131683;2;62;4.34;680;21.47;93.4;189
2025-02-15 07:06:54;13.70094585;-89.20140839;2;68;4.32;491;21.36;93.42;67
2025-02-15 07:07:04;13.70101738;-89.20158386;1;64;4.31;418;21.3;93.0;32
2025-02-15 07:07:14;13.70103836;-89.20167542;1;65;4.35;400;21.14;92.91;24
2025-02-15 07:07:24;13.70104599;-89.20179749;1;66;4.26;411;21.16;93.26;29
2025-02-15 07:07:34;13.70103741;-89.20189667;1;66;4.32;429;21.11;93.01;37
2025-02-15 07:07:45;13.70107079;-89.20200348;3;70;4.33;845;21.09;93.06;433
2025-02-15 07:07:55;13.70110798;-89.20213318;2;69;4.36;506;20.94;93.81;75
2025-02-15 07:08:05;13.70110321;-89.20230103;1;71;4.33;400;20.83;94.38;22
2025-02-15 07:08:15;13.70108604;-89.20237732;1;69;4.33;400;20.72;95.41;21
2025-02-15 07:08:26;13.70110035;-89.20249176;1;65;4.34;400;20.63;95.36;14
2025-02-15 07:08:36;13.70112133;-89.20261383;1;60;4.33;400;20.57;95.96;18
2025-02-15 07:08:46;13.70112991;-89.20272064;1;62;4.33;400;20.54;96.96;21
2025-02-15 07:08:56;13.70113087;-89.20285797;1;58;4.27;431;20.51;97.8;38
2025-02-15 07:09:06;13.7011776;-89.20296478;1;66;4.31;408;20.48;96.79;27
2025-02-15 07:09:17;13.70120716;-89.20310211;1;79;4.32;412;20.48;96.61;29
2025-02-15 07:09:27;13.70123291;-89.20320892;2;49;4.27;502;20.44;97.49;73
2025-02-15 07:09:37;13.7012949;-89.20328522;1;72;4.31;471;20.47;98.01;57
2025-02-15 07:09:47;13.7012949;-89.20341492;1;73;4.36;484;20.46;100.0;64
2025-02-15 07:09:57;13.70128632;-89.2035141;1;71;4.29;483;20.44;99.18;63
2025-02-15 07:10:08;13.70131397;-89.20365906;1;80;4.31;463;20.48;100.0;53
2025-02-15 07:10:18;13.70125961;-89.20372772;1;84;4.36;481;20.44;98.93;62
2025-02-15 07:10:28;13.70131397;-89.2038269;1;68;4.35;439;20.5;98.17;41
2025-02-15 07:10:38;13.70131016;-89.20398712;2;72;4.34;516;20.5;99.21;81
2025-02-15 07:10:49;13.70129013;-89.20409393;2;73;4.28;575;20.55;97.61;115
2025-02-15 07:11:00;13.70132542;-89.20423889;2;76;4.35;492;20.58;97.5;68
2025-02-15 07:11:09;13.7013483;-89.20433807;2;72;4.31;526;20.59;96.65;86
2025-02-15 07:11:19;13.70135403;-89.204422;2;78;4.27;577;20.62;96.59;117
2025-02-15 07:11:29;13.70137596;-89.20455933;2;77;4.33;637;20.6;96.38;157
2025-02-15 07:11:40;13.70134354;-89.20467377;3;73;4.31;725;20.6;96.67;227
2025-02-15 07:11:58;13.7012682;-89.20468903;3;79;4.3;805;20.48;96.56;313
2025-02-15 07:12:00;13.70119476;-89.20475006;3;78;4.35;764;20.43;97.02;262
2025-02-15 07:12:10;13.70110798;-89.20478821;2;79;4.33;674;20.31;97.39;185
2025-02-15 07:12:21;13.70103455;-89.20482635;2;77;4.35;526;20.19;97.33;86
2025-02-15 07:12:31;13.70094299;-89.20484161;1;86;4.27;465;20.08;97.28;54
2025-02-15 07:12:41;13.70083046;-89.20483398;2;76;4.29;663;20.03;98.18;177
2025-02-15 07:13:00;13.7005167;-89.2049408;2;67;4.27;691;20.0;98.79;199
2025-02-15 07:13:10;13.70036793;-89.2049408;3;69;4.3;776;19.99;99.43;273
2025-02-15 07:13:20;13.70031166;-89.20491028;3;74;4.28;725;19.97;99.42;226
2025-02-15 07:13:31;13.70025444;-89.20484161;2;65;4.36;672;20.02;99.64;183
2025-02-15 07:13:43;13.70012188;-89.2048645;2;68;4.35;687;19.97;99.8;195
2025-02-15 07:13:51;13.69996357;-89.20484924;2;81;4.29;533;19.94;100.0;90
2025-02-15 07:14:01;13.69985104;-89.20484924;2;86;4.26;631;19.83;100.0;153
2025-02-15 07:14:11;13.69975662;-89.20484924;2;78;4.33;591;19.77;100.0;126
2025-02-15 07:14:21;13.69964123;-89.20482635;2;76;4.27;604;19.72;100.0;135
2025-02-15 07:14:32;13.6995163;-89.20475769;2;74;4.29;535;19.66;100.0;92
2025-02-15 07:14:42;13.69945145;-89.20462036;2;76;4.29;540;19.65;100.0;95
2025-02-15 07:14:52;13.69949532;-89.20452881;2;86;4.3;609;19.7;100.0;138
2025-02-15 07:15:02;13.69953632;-89.20436096;1;81;4.33;459;19.69;100.0;51
2025-02-15 07:15:13;13.69952393;-89.20428467;1;85;4.3;419;19.71;100.0;32
2025-02-15 07:15:23;13.69950581;-89.2041626;1;88;4.27;474;19.7;100.0;58
2025-02-15 07:15:33;13.69944668;-89.20413208;2;83;4.35;571;19.73;100.0;113
2025-02-15 07:15:43;13.69947433;-89.2039566;2;70;4.29;667;19.74;100.0;180
2025-02-15 07:15:53;13.69944859;-89.20380402;2;82;4.27;545;19.68;100.0;98
2025-02-15 07:16:04;13.69941807;-89.2036972;2;77;4.34;592;19.75;100.0;127
2025-02-15 07:16:14;13.69931984;-89.20360565;2;77;4.34;548;19.83;100.0;99
2025-02-15 07:16:25;13.69927883;-89.20348358;1;66;4.26;479;19.89;100.0;61
2025-02-15 07:16:34;13.6993351;-89.20334625;1;75;4.29;429;19.99;99.86;37
2025-02-15 07:16:44;13.69932938;-89.20314789;1;61;4.35;422;20.07;99.56;33
2025-02-15 07:16:55;13.69931126;-89.20297241;3;63;4.33;846;20.16;99.16;436
2025-02-15 07:17:05;13.69918823;-89.20293427;3;74;4.29;811;20.2;98.94;330
2025-02-15 07:17:15;13.69918537;-89.20281982;3;70;4.31;806;20.34;98.28;314
2025-02-15 07:17:25;13.69929504;-89.20265198;1;71;4.33;474;20.36;97.28;59
2025-02-15 07:17:35;13.69935799;-89.20249939;1;76;4.27;403;20.38;97.23;25
2025-02-15 07:17:46;13.69929409;-89.20241547;1;77;4.27;400;20.43;96.22;24
2025-02-15 07:17:56;13.6991806;-89.20232391;1;69;4.34;402;20.43;95.95;25
2025-02-15 07:18:06;13.69902039;-89.2022934;1;66;4.33;400;20.52;95.63;17
2025-02-15 07:18:16;13.69908333;-89.20211792;1;76;4.35;400;20.59;95.35;17
2025-02-15 07:18:27;13.69908428;-89.20200348;1;72;4.27;400;20.7;95.85;17
2025-02-15 07:18:37;13.69924545;-89.20193481;2;71;4.33;625;20.75;96.04;149
2025-02-15 07:18:47;13.69929409;-89.20175171;3;74;4.28;804;20.81;95.82;309
2025-02-15 07:18:57;13.69926357;-89.20166779;3;81;4.32;807;20.92;95.55;316
2025-02-15 07:19:07;13.6992569;-89.20156097;2;75;4.27;666;20.95;96.41;178
2025-02-15 07:19:18;13.69917107;-89.20145416;2;76;4.33;591;21.05;94.21;126
2025-02-15 07:19:28;13.69910145;-89.20137787;2;70;4.27;691;21.05;93.65;199
2025-02-15 07:19:38;13.69907379;-89.20121765;3;64;4.33;845;21.07;93.38;432
2025-02-15 07:19:48;13.69911671;-89.20114136;2;63;4.32;562;21.14;93.86;108
2025-02-15 07:19:58;13.69921207;-89.20100403;2;68;4.27;489;21.14;93.55;66
2025-02-15 07:20:09;13.69917679;-89.20090485;1;61;4.27;450;21.21;92.93;47
2025-02-15 07:20:19;13.69915867;-89.20075226;1;63;4.33;481;21.1;92.83;62
2025-02-15 07:20:29;13.69911861;-89.20066071;2;63;4.25;502;21.08;92.67;73
2025-02-15 07:20:39;13.69907475;-89.20051575;2;74;4.33;516;21.02;93.17;81
2025-02-15 07:20:49;13.69910812;-89.20035553;2;70;4.34;503;21.05;93.38;74
2025-02-15 07:21:00;13.69917583;-89.20016479;2;76;4.27;624;21.04;93.44;148
2025-02-15 07:21:10;13.69912148;-89.20011902;3;69;4.33;907;21.13;94.97;638
2025-02-15 07:21:20;13.69922256;-89.20012665;4;70;4.27;956;21.11;93.78;820
2025-02-15 07:21:30;13.69931221;-89.20011902;3;67;4.27;855;21.21;94.41;464
2025-02-15 07:21:40;13.69942284;-89.20014191;3;71;4.27;783;21.26;94.21;279
2025-02-15 07:21:51;13.69953537;-89.20014954;2;78;4.34;676;21.3;92.77;186
2025-02-15 07:22:01;13.69969654;-89.20009613;2;67;4.27;630;21.39;93.37;152
2025-02-15 07:22:11;13.69979477;-89.20005035;2;72;4.32;642;21.44;94.05;161
2025-02-15 07:22:21;13.69985008;-89.20011139;2;63;4.26;507;21.45;91.95;76
2025-02-15 07:22:32;13.69986725;-89.20025635;1;65;4.24;428;21.35;91.11;36
2025-02-15 07:22:42;13.69988346;-89.20037842;1;58;4.27;400;21.38;90.62;20
2025-02-15 07:22:52;13.69991779;-89.20040894;1;64;4.28;403;21.44;92.46;25
2025-02-15 07:23:02;13.69992542;-89.20044708;1;71;4.26;409;21.46;90.36;28
2025-02-15 07:23:12;13.69992447;-89.20051575;1;65;4.33;400;21.5;90.89;20
2025-02-15 07:23:23;13.69991493;-89.20061493;1;61;4.27;410;21.52;89.94;28
2025-02-15 07:23:33;13.69993114;-89.200737;1;63;4.3;405;21.55;90.65;26
2025-02-15 07:23:43;13.69992447;-89.20080566;1;63;4.34;410;21.61;90.92;28
2025-02-15 07:23:53;13.69996071;-89.20091248;1;61;4.27;433;21.66;90.08;39
2025-02-15 07:24:03;13.69994545;-89.20101929;1;68;4.24;466;21.7;89.96;54
2025-02-15 07:24:14;13.69995594;-89.20110321;1;85;4.27;450;21.8;89.51;47
2025-02-15 07:24:24;13.69996262;-89.20120239;1;75;4.29;452;21.88;89.59;47
2025-02-15 07:24:34;13.69998264;-89.20124054;2;69;4.29;508;21.9;88.47;77
2025-02-15 07:24:44;13.69999123;-89.20134735;4;65;4.27;967;21.98;88.44;860
2025-02-15 07:24:55;13.70001316;-89.20145416;3;72;4.3;743;22.06;89.24;242
2025-02-15 07:25:06;13.69999599;-89.20154572;2;68;4.24;619;22.1;87.63;145
2025-02-15 07:25:16;13.6999979;-89.20166779;2;67;4.3;577;22.17;88.34;117
2025-02-15 07:25:25;13.70001793;-89.20175934;2;76;4.26;525;22.21;88.02;86
2025-02-15 07:25:36;13.70001125;-89.20184326;3;71;4.26;732;22.26;87.71;233
2025-02-15 07:25:46;13.70004272;-89.20189667;2;67;4.33;550;22.26;86.83;100
2025-02-15 07:25:56;13.70005035;-89.20198059;1;65;4.32;436;22.26;85.8;40
2025-02-15 07:26:08;13.70009136;-89.20211792;1;62;4.24;432;22.25;86.88;38
2025-02-15 07:26:16;13.70012569;-89.20225525;1;65;4.26;461;22.29;86.55;52
2025-02-15 07:26:34;13.70019245;-89.20246124;1;65;4.24;455;22.31;85.87;49
2025-02-15 07:26:44;13.7001667;-89.20258331;1;69;4.27;430;22.08;85.88;37
2025-02-15 07:26:54;13.70013046;-89.2026825;1;67;4.24;404;22.13;87.98;26
2025-02-15 07:27:04;13.70013618;-89.20279694;1;79;4.29;425;22.23;87.49;35
2025-02-15 07:27:14;13.70012665;-89.20291138;1;71;4.31;437;22.22;87.02;40
2025-02-15 07:27:24;13.70013142;-89.20295715;3;63;4.27;732;22.29;87.41;233
2025-02-15 07:27:34;13.70017242;-89.20309448;3;64;4.27;818;22.32;86.63;351
2025-02-15 07:27:45;13.70026875;-89.20313263;2;62;4.26;610;22.28;86.36;139
2025-02-15 07:27:55;13.70028496;-89.20321655;2;61;4.25;519;22.31;85.59;83
2025-02-15 07:28:05;13.70027447;-89.20336151;2;62;4.26;494;22.3;85.69;69
2025-02-15 07:28:16;13.70021534;-89.20349121;1;64;4.26;464;22.32;85.45;54
2025-02-15 07:28:26;13.70018864;-89.20360565;1;67;4.27;453;22.36;85.28;48
2025-02-15 07:28:36;13.70026493;-89.20375824;1;71;4.29;446;22.33;85.04;45
2025-02-15 07:28:46;13.70030403;-89.20381927;1;72;4.33;472;22.36;86.22;58
2025-02-15 07:28:56;13.70025253;-89.20391083;1;73;4.27;455;22.39;87.31;49
2025-02-15 07:29:06;13.70024204;-89.20406342;2;72;4.33;538;22.44;87.48;93
2025-02-15 07:29:17;13.70024204;-89.2041626;2;70;4.26;536;22.43;89.96;92
2025-02-15 07:29:27;13.70023346;-89.20430756;1;69;4.32;485;22.43;88.7;64
2025-02-15 07:29:37;13.70031834;-89.20449066;2;74;4.27;496;22.42;88.46;70
2025-02-15 07:29:47;13.70023346;-89.2046051;2;74;4.27;487;22.33;86.01;65
2025-02-15 07:30:16;13.70025921;-89.20476532;1;72;4.24;464;22.3;86.11;53
2025-02-15 07:30:17;13.70030403;-89.2048111;2;81;4.32;523;22.25;86.64;84
2025-02-15 07:30:18;13.7002821;-89.20475769;2;68;4.27;514;22.15;87.26;80
2025-02-15 07:30:43;13.70026398;-89.20471191;2;68;3.94;498;22.2;87.19;71
2025-02-15 07:30:44;13.70025253;-89.20465088;2;70;4.26;489;22.17;86.73;66
2025-02-15 07:30:49;13.70030022;-89.20463562;2;68;4.23;495;22.14;89.66;70
2025-02-15 07:30:59;13.70029259;-89.20432281;2;67;4.29;496;22.12;93.21;70
2025-02-15 07:31:09;13.70033836;-89.20423889;2;71;4.25;524;22.14;93.29;85
2025-02-15 07:31:19;13.70031929;-89.2040863;2;71;4.31;521;22.06;89.66;84
2025-02-15 07:31:29;13.70028877;-89.20391083;2;71;4.27;495;22.08;88.58;69
2025-02-15 07:31:41;13.70023441;-89.20384216;2;68;4.27;498;21.36;89.46;71
2025-02-15 07:31:50;13.70018673;-89.20374298;1;67;4.32;471;21.22;90.87;57
2025-02-15 07:32:00;13.70008373;-89.2037735;1;63;4.24;464;21.35;91.39;54
2025-02-15 07:32:10;13.6999321;-89.20381165;1;68;4.32;466;21.47;90.95;55
2025-02-15 07:32:20;13.69980145;-89.20381165;2;71;4.27;487;21.59;90.18;65
2025-02-15 07:32:31;13.69972515;-89.20384216;2;72;4.28;516;21.66;89.3;81
2025-02-15 07:32:41;13.69949532;-89.20386505;2;75;4.31;638;21.17;90.43;158
2025-02-15 07:32:51;13.69930553;-89.20368958;2;69;4.27;666;21.09;91.2;179
2025-02-15 07:33:01;13.69921112;-89.20365143;3;79;4.27;899;20.96;91.68;611
2025-02-15 07:33:11;13.69920826;-89.20353699;2;73;4.33;679;20.94;90.97;189
2025-02-15 07:33:21;13.69929314;-89.20335388;2;80;4.31;509;20.91;91.76;77
2025-02-15 07:33:32;13.69937992;-89.20322418;1;78;4.27;437;20.74;91.75;40
2025-02-15 07:33:42;13.69932556;-89.20304871;1;69;4.33;479;20.69;92.1;61
2025-02-15 07:33:52;13.69924355;-89.20297241;1;68;4.26;430;20.67;92.22;37
2025-02-15 07:34:02;13.69924259;-89.2028656;2;75;4.3;567;20.77;92.3;111
2025-02-15 07:34:13;13.69929981;-89.20270538;2;78;4.3;550;20.96;91.04;100
2025-02-15 07:34:23;13.69948959;-89.20266724;4;65;4.32;923;21.18;90.66;698
2025-02-15 07:34:33;13.69962692;-89.20265961;2;69;4.24;644;21.3;89.63;163
2025-02-15 07:34:43;13.69973087;-89.20263672;3;71;4.25;717;21.26;89.14;220
2025-02-15 07:34:53;13.69982624;-89.20262909;2;70;4.28;593;21.34;89.09;127
2025-02-15 07:35:04;13.69994068;-89.20261383;2;70;4.25;498;21.39;89.62;71
2025-02-15 07:35:14;13.70003986;-89.20259857;1;71;4.27;442;21.4;90.95;43
2025-02-15 07:35:24;13.70014286;-89.20259857;2;72;4.27;512;21.36;89.53;79
2025-02-15 07:35:34;13.70023346;-89.2026062;2;68;4.24;521;21.49;89.67;83
2025-02-15 07:35:44;13.70029163;-89.20262146;1;70;4.29;470;21.68;90.05;57
2025-02-15 07:35:55;13.70036983;-89.20256042;2;71;4.24;549;21.86;89.25;100
2025-02-15 07:36:05;13.70043564;-89.20248413;3;61;4.31;790;21.95;87.36;286
2025-02-15 07:36:15;13.70053291;-89.20253754;3;73;4.29;756;22.1;88.02;254
2025-02-15 07:36:25;13.70057583;-89.2025528;3;80;4.29;781;22.13;87.33;277
2025-02-15 07:36:35;13.70057678;-89.2025528;3;73;4.3;718;22.07;86.6;220
2025-02-15 07:36:46;13.70060635;-89.20253754;2;75;4.29;671;22.09;87.0;183
2025-02-15 07:36:56;13.70069122;-89.20243073;2;71;4.29;715;22.13;87.53;218
2025-02-15 07:37:06;13.70069504;-89.2024231;3;74;4.24;718;22.22;87.79;221
2025-02-15 07:37:16;13.70069981;-89.20243073;3;71;4.27;759;22.33;88.44;257
2025-02-15 07:37:26;13.70071125;-89.2024231;3;65;4.25;783;22.4;90.37;279
2025-02-15 07:37:37;13.70071888;-89.20243835;3;65;4.24;835;22.51;88.24;402
2025-02-15 07:37:47;13.70071888;-89.20243835;3;58;4.24;856;22.6;91.77;466
2025-02-15 07:37:57;13.70071983;-89.20243835;3;64;4.24;829;22.69;88.57;383
2025-02-15 07:38:07;13.70072079;-89.20243835;3;63;4.24;770;22.76;86.5;267
2025-02-15 07:38:17;13.70072079;-89.20243835;3;69;4.26;731;22.8;87.17;231
2025-02-15 07:38:28;13.70072079;-89.20243835;2;70;4.27;646;22.9;87.5;164
2025-02-15 07:38:41;13.70073414;-89.20244598;2;64;4.26;640;22.94;85.8;160
2025-02-15 07:38:48;13.70075798;-89.2024231;2;66;4.22;644;23.04;86.08;163
2025-02-15 07:39:05;13.70077801;-89.20243073;3;65;4.3;791;23.13;84.1;287
2025-02-15 07:39:15;13.70078278;-89.20243835;3;64;4.31;830;23.19;84.47;385
2025-02-15 07:39:25;13.70078373;-89.20243073;4;65;4.22;940;23.26;88.35;758
2025-02-15 07:39:35;13.70079899;-89.20243073;3;68;4.24;903;23.31;89.62;624
2025-02-15 07:39:46;13.70080185;-89.20244598;3;60;4.25;844;23.34;85.51;428
2025-02-15 07:39:56;13.70078087;-89.20243073;3;69;4.26;817;23.4;90.2;348
2025-02-15 07:40:06;13.70079041;-89.20243073;3;61;4.29;843;23.46;87.63;425
2025-02-15 07:40:16;13.70082855;-89.20245361;3;67;4.27;836;23.5;88.6;405
2025-02-15 07:40:26;13.70084572;-89.20246887;3;69;4.23;775;23.53;87.48;272
2025-02-15 07:40:37;13.70083809;-89.20245361;2;64;4.27;714;23.57;85.05;217
2025-02-15 07:40:47;13.70081997;-89.20244598;2;69;4.27;657;23.63;86.51;172
2025-02-15 07:40:57;13.70079803;-89.20241547;2;61;4.22;635;23.66;86.73;156
2025-02-15 07:41:07;13.70078564;-89.20243835;2;63;4.25;606;23.67;83.93;136
2025-02-15 07:41:17;13.70078754;-89.20243835;2;58;4.24;596;23.72;83.99;129
2025-02-15 07:41:28;13.70078945;-89.20244598;2;59;4.25;574;23.73;83.47;115
2025-02-15 07:41:38;13.70079041;-89.20244598;2;66;4.26;537;23.75;81.29;93
2025-02-15 07:41:48;13.70078087;-89.20243073;2;65;4.28;517;23.78;80.26;81
2025-02-15 07:41:58;13.70077229;-89.20243835;2;62;4.23;539;23.78;80.01;94
2025-02-15 07:42:08;13.70075703;-89.20244598;2;69;4.27;586;23.81;82.84;123
2025-02-15 07:42:19;13.70076084;-89.20244598;2;67;4.31;614;23.83;83.57;141
2025-02-15 07:42:29;13.7007618;-89.20243835;2;68;4.23;609;23.87;84.74;138
2025-02-15 07:42:39;13.70077896;-89.20244598;2;62;4.28;629;23.9;82.96;151
2025-02-15 07:42:49;13.70078659;-89.20245361;3;68;4.26;873;23.95;82.33;523
2025-02-15 07:43:00;13.70079994;-89.2024231;3;71;4.23;884;23.94;81.43;560
2025-02-15 07:43:10;13.7008009;-89.20241547;3;61;4.25;861;24.0;82.03;483
2025-02-15 07:43:20;13.70079994;-89.20241547;3;66;4.24;853;24.02;80.49;456
2025-02-15 07:43:30;13.70079803;-89.20241547;3;61;4.26;843;24.05;81.19;425
2025-02-15 07:43:40;13.70077229;-89.20244598;3;62;4.23;820;24.07;80.62;355
2025-02-15 07:43:51;13.70077133;-89.20244598;3;62;4.23;722;24.1;79.32;224
2025-02-15 07:44:01;13.70077133;-89.20244598;2;62;4.22;633;24.12;79.1;155
2025-02-15 07:44:11;13.70077038;-89.20244598;2;76;4.24;629;24.14;79.42;152
2025-02-15 07:44:21;13.70077038;-89.20244598;2;67;4.28;583;24.13;78.39;121
2025-02-15 07:44:31;13.70078564;-89.20246124;2;65;4.22;578;24.14;78.55;118
2025-02-15 07:44:42;13.70079517;-89.20246887;2;63;4.26;588;24.15;78.53;124
2025-02-15 07:44:52;13.70079708;-89.20246887;2;62;4.28;614;24.15;78.76;141
2025-02-15 07:45:02;13.70079517;-89.20246887;2;72;4.23;626;24.16;79.27;150
2025-02-15 07:45:12;13.70079517;-89.20246887;2;65;4.3;615;24.18;79.02;142
2025-02-15 07:45:22;13.70079517;-89.20246887;2;66;4.26;623;24.17;80.45;148
2025-02-15 07:45:33;13.70079517;-89.20246124;2;66;4.22;609;24.19;79.63;138
2025-02-15 07:45:43;13.70077324;-89.20245361;2;69;4.24;604;24.23;79.68;135
2025-02-15 07:45:53;13.70077515;-89.20245361;2;71;4.23;588;24.22;79.0;124
2025-02-15 07:46:03;13.70077419;-89.20243835;2;70;4.21;634;24.25;79.67;155
2025-02-15 07:46:13;13.70077419;-89.20243835;2;69;4.23;628;24.29;79.22;151
2025-02-15 07:46:24;13.70077419;-89.20243835;2;59;4.23;591;24.31;79.2;126
2025-02-15 07:46:34;13.70076847;-89.20243835;2;61;4.23;621;24.31;78.09;146
2025-02-15 07:46:44;13.70086193;-89.20245361;2;74;4.26;559;24.31;77.74;106
2025-02-15 07:46:54;13.70098782;-89.2024765;2;75;4.22;597;24.29;77.13;130
2025-02-15 07:47:04;13.70107365;-89.20243073;2;79;4.26;558;24.19;76.23;105
2025-02-15 07:47:15;13.70108509;-89.20230103;2;72;4.24;506;24.13;75.88;75
2025-02-15 07:47:25;13.70105743;-89.2021637;2;67;4.26;549;24.07;76.39;100
2025-02-15 07:47:35;13.7010498;-89.20202637;2;66;4.29;624;24.03;76.7;148
2025-02-15 07:47:45;13.70103645;-89.20188141;2;66;4.24;542;24.0;77.14;96
2025-02-15 07:47:56;13.70103264;-89.20174408;2;69;4.25;517;24.0;77.01;82
2025-02-15 07:48:06;13.70101166;-89.2016449;2;66;4.23;496;24.01;76.55;70
2025-02-15 07:48:16;13.70100117;-89.20150757;2;67;4.23;518;24.0;76.66;82
2025-02-15 07:48:26;13.70098305;-89.20137787;2;63;4.26;505;23.98;76.7;75
2025-02-15 07:48:37;13.70096779;-89.20124817;2;86;4.32;551;23.97;77.1;101
2025-02-15 07:48:46;13.70089054;-89.20121765;2;89;4.23;513;23.94;77.27;79
2025-02-15 07:48:57;13.70077705;-89.20124054;2;70;4.23;630;23.95;77.42;153
2025-02-15 07:49:07;13.70068073;-89.20121002;2;73;4.29;597;24.0;77.72;130
2025-02-15 07:49:17;13.70057297;-89.20121765;2;61;4.23;677;23.98;77.31;187
2025-02-15 07:49:27;13.70050144;-89.20119476;2;61;4.25;604;23.95;76.99;134
2025-02-15 07:50:42;13.70043659;-89.20119476;2;64;4.21;565;24.01;77.43;109
2025-02-15 07:50:42;13.70023632;-89.20121002;2;64;4.21;542;23.97;77.71;96
2025-02-15 07:50:42;13.70011425;-89.20126343;2;64;4.23;561;24.12;76.6;107
2025-02-15 07:50:42;13.69999313;-89.20130157;2;69;4.22;510;24.18;75.88;77
2025-02-15 07:50:42;13.69988728;-89.20131683;2;74;4.23;512;24.33;76.17;79
2025-02-15 07:50:49;13.69960022;-89.20134735;2;71;4.21;520;24.61;74.58;83
2025-02-15 07:51:00;13.69946671;-89.20133209;2;66;4.27;502;24.72;73.9;73
2025-02-15 07:51:10;13.69941044;-89.2013092;2;70;4.22;553;24.78;74.04;102
2025-02-15 07:51:20;13.69939804;-89.20129395;2;72;4.23;624;24.82;73.24;148
2025-02-15 07:51:30;13.69943237;-89.2013092;3;68;4.27;787;24.62;73.04;283
2025-02-15 07:51:40;13.69950771;-89.20128632;3;68;4.22;726;24.32;74.17;228
2025-02-15 07:51:51;13.69961929;-89.20129395;2;71;4.28;547;24.16;74.41;98
2025-02-15 07:52:01;13.69974327;-89.20127106;2;69;4.27;534;23.98;75.04;91
2025-02-15 07:52:11;13.69984818;-89.20122528;2;82;4.21;500;23.69;76.0;72
2025-02-15 07:52:21;13.69994545;-89.20122528;1;68;4.24;458;23.63;76.48;50
2025-02-15 07:52:32;13.69994831;-89.2011261;1;66;4.22;457;23.6;77.66;50
2025-02-15 07:52:42;13.69994259;-89.20101929;2;62;4.27;530;23.56;79.05;89
2025-02-15 07:52:52;13.69995022;-89.20087433;2;64;4.22;658;23.55;79.53;173
2025-02-15 07:53:02;13.69992638;-89.20075226;2;75;4.23;553;23.47;79.4;102
2025-02-15 07:53:12;13.6999321;-89.20063782;2;69;4.23;605;23.42;78.97;135
2025-02-15 07:53:22;13.69992161;-89.20053864;2;71;4.23;604;23.16;79.28;134
2025-02-15 07:53:33;13.69993401;-89.20054626;2;75;4.27;491;23.07;79.42;67
2025-02-15 07:53:43;13.69992828;-89.20054626;1;76;4.23;473;23.06;80.11;58
2025-02-15 07:53:53;13.69994736;-89.20053864;1;76;4.28;468;23.16;82.44;55
2025-02-15 07:54:03;13.69993877;-89.20052338;1;69;4.23;464;23.27;81.53;53
2025-02-15 07:54:13;13.69993496;-89.20051575;2;71;4.27;517;23.39;81.96;81
2025-02-15 10:58:15;13.69980335;-89.20039368;1;72;4.28;414;27.49;63.93;30
2025-02-15 10:58:25;13.69989967;-89.20043945;1;83;4.23;400;27.53;62.81;24
2025-02-15 10:58:35;13.69994545;-89.20048523;1;78;4.21;408;27.66;62.42;27
2025-02-15 10:58:46;13.70002079;-89.20046234;1;71;4.23;400;28.18;60.69;19
2025-02-15 10:58:56;13.70008087;-89.20038605;1;90;4.25;400;28.24;60.05;21
2025-02-15 10:59:06;13.70005417;-89.20025635;1;67;4.24;401;28.89;58.88;24
2025-02-15 10:59:16;13.70005608;-89.20014954;1;80;4.22;448;29.49;57.46;46
2025-02-15 10:59:26;13.70003128;-89.20004272;1;71;4.25;481;29.84;56.61;62
2025-02-15 10:59:37;13.70012665;-89.20005798;1;69;4.21;452;30.12;56.27;48
2025-02-15 10:59:47;13.70023155;-89.19999695;1;65;4.22;447;30.14;55.78;45
2025-02-15 10:59:57;13.70034122;-89.19991302;1;65;4.23;443;30.48;56.2;43
2025-02-15 11:00:07;13.70041561;-89.19987488;1;79;4.27;448;30.42;55.76;46
2025-02-15 11:00:17;13.70051193;-89.19982147;1;76;4.28;441;30.86;55.35;42
2025-02-15 11:00:28;13.70061493;-89.19988251;1;72;4.27;475;31.07;53.52;59
2025-02-15 11:00:42;13.70069027;-89.19994354;1;71;4.2;467;31.89;53.32;55
2025-02-15 11:00:48;13.70074177;-89.19991302;1;71;4.27;452;32.04;52.58;47
2025-02-15 11:01:05;13.70085716;-89.20002747;2;68;4.21;541;32.2;51.67;95
2025-02-15 11:01:17;13.70092297;-89.20012665;2;66;4.29;608;32.19;51.73;137
2025-02-15 11:02:17;13.70094204;-89.20020294;1;80;4.21;476;32.08;51.79;59
2025-02-15 11:02:17;13.70095539;-89.20032501;1;72;4.27;418;31.97;51.55;31
2025-02-15 11:02:17;13.70094872;-89.2004776;1;76;4.21;437;31.87;51.51;41
2025-02-15 11:02:17;13.70094776;-89.20057678;2;79;4.2;532;31.68;51.7;90
2025-02-15 11:02:17;13.70095825;-89.20069122;2;71;4.3;506;31.55;51.68;75
2025-02-15 11:02:24;13.70097542;-89.20090485;2;72;4.19;518;31.15;52.26;82
2025-02-15 11:02:35;13.70100498;-89.20098877;5;79;4.21;1339;30.96;53.24;2668
2025-02-15 11:02:46;13.70098591;-89.20103455;4;74;4.21;1125;30.77;53.36;1545
2025-02-15 11:02:55;13.70098114;-89.20106506;4;73;4.27;994;30.51;53.61;970
2025-02-15 11:03:05;13.70093727;-89.20111847;3;73;4.21;733;30.43;53.77;234
2025-02-15 11:03:16;13.70099926;-89.20124054;1;66;4.21;427;30.09;54.06;36
2025-02-15 11:03:26;13.70105076;-89.20132446;1;67;4.21;407;29.81;54.86;27
2025-02-15 11:03:36;13.70104694;-89.20140839;1;93;4.27;413;29.76;55.26;30
2025-02-15 11:03:46;13.70106888;-89.20157623;1;65;4.21;413;29.75;55.11;29
2025-02-15 11:03:56;13.70106888;-89.20173645;1;63;4.22;431;29.72;55.18;38
2025-02-15 11:04:07;13.70105743;-89.20185852;1;66;4.24;427;29.67;55.47;36
2025-02-15 11:04:17;13.70106697;-89.20197296;1;71;4.21;471;29.75;55.47;57
2025-02-15 11:04:27;13.70109367;-89.20207214;2;65;4.21;492;29.74;55.52;68
2025-02-15 11:04:37;13.70112038;-89.20220184;2;65;4.27;628;30.13;55.55;151
2025-02-15 11:04:47;13.70112419;-89.20230865;2;77;4.21;598;30.23;55.31;130
2025-02-15 11:04:58;13.70112991;-89.20237732;2;77;4.26;577;30.57;54.54;117
2025-02-15 11:05:08;13.70115662;-89.20249939;2;71;4.27;505;30.79;53.04;75
2025-02-15 11:05:18;13.70114708;-89.20261383;2;61;4.2;498;30.86;53.0;71
2025-02-15 11:05:28;13.70114708;-89.20276642;2;64;4.26;501;30.81;53.4;73
2025-02-15 11:05:38;13.70115089;-89.20288086;2;59;4.21;513;30.84;53.52;79
2025-02-15 11:05:49;13.70119095;-89.20298004;2;66;4.2;514;30.73;53.82;80
2025-02-15 11:05:59;13.70118809;-89.20311737;2;69;4.25;498;30.55;53.38;71
2025-02-15 11:06:09;13.70121956;-89.20326233;1;71;4.21;477;30.23;53.21;60
2025-02-15 11:06:19;13.70121765;-89.2033844;1;75;4.21;485;29.56;53.52;64
2025-02-15 11:06:32;13.70115757;-89.20349884;1;77;4.21;470;29.2;54.65;57
2025-02-15 11:06:42;13.70121288;-89.2035675;2;80;4.21;513;29.22;55.36;79
2025-02-15 11:06:50;13.70128441;-89.20375824;2;81;4.21;561;29.37;55.43;107
2025-02-15 11:07:00;13.70128345;-89.2039032;2;82;4.26;506;29.02;55.22;75
2025-02-15 11:07:10;13.70130062;-89.20391846;2;93;4.21;599;28.61;56.19;131
2025-02-15 11:07:21;13.70132446;-89.20406342;2;86;4.21;715;28.46;56.69;218
2025-02-15 11:07:31;13.70132923;-89.20420837;2;84;4.21;533;28.69;57.25;91
2025-02-15 11:07:41;13.7013607;-89.2043457;2;78;4.21;486;28.62;57.08;65
2025-02-15 11:07:51;13.70136642;-89.20448303;2;81;4.19;532;28.43;57.93;90
2025-02-15 11:08:03;13.70135117;-89.20462799;2;83;4.22;512;28.16;58.55;79
2025-02-15 11:08:12;13.70132637;-89.20468903;2;82;4.2;576;27.88;58.18;116
2025-02-15 11:08:22;13.7012043;-89.2046814;2;86;4.29;583;27.59;58.97;121
2025-02-15 11:08:32;13.70108223;-89.20471954;2;82;4.23;553;27.38;59.28;102
2025-02-15 11:08:42;13.70095253;-89.2047348;2;81;4.21;533;26.87;60.22;90
2025-02-15 11:08:53;13.70088196;-89.20472717;2;85;4.19;529;26.42;61.57;88
2025-02-15 11:09:15;13.70078659;-89.20475769;2;78;4.19;578;26.4;62.8;118
2025-02-15 11:09:15;13.70065594;-89.20482635;2;87;4.2;514;26.47;64.19;80
2025-02-15 11:09:23;13.70054913;-89.20487213;1;74;4.2;479;26.71;63.79;61
2025-02-15 11:10:24;13.69985771;-89.20490265;2;83;4.24;580;26.98;61.83;119
2025-02-15 11:10:34;13.69970417;-89.20487976;3;83;4.21;793;26.63;62.83;290
2025-02-15 11:10:46;13.69962788;-89.20475006;3;76;4.19;892;27.12;62.58;586
2025-02-15 11:10:55;13.69960117;-89.20458221;2;78;4.18;682;27.08;61.21;191
2025-02-15 11:11:05;13.6995821;-89.20449066;2;70;4.26;550;27.04;62.2;100
2025-02-15 11:11:15;13.69954777;-89.20435333;2;74;4.26;608;26.94;62.13;137
2025-02-15 11:11:26;13.69956589;-89.20419312;2;74;4.2;659;26.62;62.56;174
2025-02-15 11:11:36;13.69951344;-89.20407867;2;82;4.21;647;26.53;64.28;164
2025-02-15 11:11:46;13.69950199;-89.20393372;3;73;4.21;789;26.17;63.42;285
2025-02-15 11:11:56;13.69953442;-89.20388031;2;72;4.21;689;26.42;62.08;196
2025-02-15 11:12:07;13.69953728;-89.20388794;2;76;4.21;593;26.36;62.13;127
2025-02-15 11:12:17;13.69950485;-89.20381927;2;79;4.21;687;26.52;61.83;195
2025-02-15 11:12:27;13.69946289;-89.20368195;3;86;4.21;762;26.83;61.27;260
2025-02-15 11:12:37;13.69945335;-89.2035141;2;79;4.22;700;27.04;60.25;205
2025-02-15 11:12:48;13.69946289;-89.20336151;3;65;4.21;727;27.38;59.65;229
2025-02-15 11:12:57;13.69944286;-89.20326233;2;68;4.21;621;27.69;58.89;146
2025-02-15 11:13:08;13.69945908;-89.203125;2;78;4.21;497;27.45;58.05;71
2025-02-15 11:13:18;13.69946003;-89.20294952;3;87;4.16;725;27.66;58.42;226
2025-02-15 11:13:28;13.69942093;-89.20284271;3;69;4.21;745;27.88;57.48;244
2025-02-15 11:13:38;13.69942856;-89.20272827;2;63;4.22;545;28.11;56.49;98
2025-02-15 11:13:49;13.69944191;-89.20266724;3;66;4.22;815;28.27;57.36;339
2025-02-15 11:14:00;13.69938278;-89.20253754;2;72;4.21;663;28.54;56.66;177
2025-02-15 11:14:10;13.69939041;-89.20239258;2;76;4.21;662;28.81;56.1;176
2025-02-15 11:14:19;13.69938564;-89.20226288;2;73;4.24;635;29.02;54.74;156
2025-02-15 11:14:29;13.69936085;-89.20212555;2;76;4.21;622;29.07;54.07;147
2025-02-15 11:14:40;13.69931126;-89.20205688;2;73;4.21;591;28.77;54.26;126
2025-02-15 11:14:50;13.69926071;-89.20191193;3;74;4.21;743;28.69;53.96;243
2025-02-15 11:15:00;13.69926357;-89.20175934;2;67;4.21;522;28.84;54.15;84
2025-02-15 11:15:10;13.69923306;-89.20160675;2;83;4.21;520;28.95;53.8;83
2025-02-15 11:15:21;13.69927406;-89.20149231;2;68;4.21;538;29.09;53.46;93
2025-02-15 11:15:31;13.69927979;-89.20134735;1;69;4.21;445;29.04;53.5;44
2025-02-15 11:15:41;13.69921398;-89.2013092;1;65;4.2;439;29.73;52.73;41
2025-02-15 11:15:51;13.69910336;-89.20127869;1;77;4.19;428;30.31;51.5;36
2025-02-15 11:16:01;13.69907761;-89.20117188;1;68;4.21;433;30.3;50.91;38
2025-02-15 11:16:11;13.69909096;-89.20106506;1;69;4.22;414;29.73;51.39;30
2025-02-15 11:16:22;13.69910336;-89.20096588;1;64;4.2;410;29.28;52.32;28
2025-02-15 11:16:32;13.69906902;-89.20081329;1;62;4.21;400;28.52;52.84;24
2025-02-15 11:16:42;13.69906425;-89.20065308;1;62;4.21;405;28.21;54.07;26
2025-02-15 11:16:52;13.69904232;-89.20050812;1;69;4.2;472;27.32;55.5;58
2025-02-15 11:17:03;13.69900703;-89.20040131;1;76;4.21;471;27.11;56.39;57
2025-02-15 11:17:13;13.69901371;-89.20035553;1;72;4.21;425;27.31;56.74;35
2025-02-15 11:17:23;13.69902992;-89.20015717;1;74;4.19;423;27.1;57.08;34
2025-02-15 11:17:33;13.69917965;-89.2000885;1;80;4.19;428;27.2;57.21;36
2025-02-15 11:17:43;13.69928074;-89.20012665;1;76;4.2;421;27.02;57.68;33
2025-02-15 11:17:53;13.69939613;-89.20008087;1;70;4.19;455;27.15;59.49;49
2025-02-15 11:18:04;13.69952106;-89.20002747;1;66;4.2;466;27.23;58.82;54
2025-02-15 11:18:14;13.69965553;-89.20004272;1;68;4.21;448;27.28;58.37;46
2025-02-15 11:18:24;13.6997776;-89.20004272;3;74;4.19;821;27.43;57.24;359
2025-02-15 11:18:34;13.69985676;-89.20008087;2;75;4.26;566;27.28;56.91;110
2025-02-15 11:18:44;13.6998806;-89.20019531;2;76;4.21;525;27.19;57.24;86
2025-02-15 11:18:55;13.69990635;-89.20029449;2;92;4.19;537;27.15;57.59;93
2025-02-15 11:19:05;13.69992924;-89.20037842;2;77;4.2;621;27.33;58.99;146
2025-02-15 11:19:15;13.69995022;-89.20040894;2;79;4.2;590;27.48;61.2;125
2025-02-15 11:19:25;13.69993305;-89.20048523;2;73;4.2;556;27.8;58.32;104
2025-02-15 11:19:36;13.69993401;-89.20059204;2;76;4.24;654;28.04;57.83;170
2025-02-15 11:19:46;13.6999464;-89.20068359;2;73;4.2;548;28.14;56.71;99
2025-02-15 11:19:56;13.69995117;-89.20079041;2;69;4.21;515;27.89;56.28;80
2025-02-15 11:20:06;13.69996929;-89.20091248;2;71;4.2;567;28.06;56.05;111
2025-02-15 11:20:16;13.69999599;-89.2010498;3;73;4.19;805;27.86;55.75;312
2025-02-15 11:20:27;13.70001125;-89.20115662;3;76;4.19;819;27.71;57.53;352
2025-02-15 11:20:37;13.69991398;-89.20119476;3;71;4.19;819;27.96;56.96;352
2025-02-15 11:20:47;13.69978333;-89.20119476;2;74;4.2;577;28.41;55.85;117
2025-02-15 11:20:57;13.69963169;-89.20121765;2;77;4.19;545;28.7;56.22;98
2025-02-15 11:21:07;13.69952679;-89.2012558;2;75;4.19;505;28.95;55.31;75
2025-02-15 11:21:18;13.69941044;-89.20127869;2;74;4.23;517;29.18;54.44;82
2025-02-15 11:21:28;13.69943714;-89.20129395;2;78;4.2;521;29.34;54.2;84
2025-02-15 11:21:38;13.69947815;-89.2013092;3;80;4.19;864;29.2;53.89;492
2025-02-15 11:21:48;13.69959927;-89.20129395;2;76;4.2;597;28.85;53.4;130
2025-02-15 11:21:58;13.69973183;-89.20128632;2;77;4.17;503;28.45;54.21;74
2025-02-15 11:22:09;13.69982147;-89.20127869;1;72;4.19;475;28.46;54.38;59
2025-02-15 11:22:19;13.69996357;-89.20130157;2;72;4.19;510;28.64;54.41;78
2025-02-15 11:22:29;13.70001793;-89.2014389;2;69;4.18;565;28.41;54.88;110
2025-02-15 11:22:39;13.70001793;-89.20155334;2;72;4.22;688;28.21;54.98;196
2025-02-15 11:22:50;13.70001888;-89.20166779;2;74;4.19;685;28.43;57.02;193
2025-02-15 11:24:16;13.70013523;-89.20277405;1;73;4.19;482;27.23;55.45;63
2025-02-15 11:24:27;13.70016193;-89.20291138;1;64;4.19;474;27.2;55.95;58
2025-02-15 11:24:37;13.7002058;-89.20305634;1;63;4.18;455;27.04;55.4;49
2025-02-15 11:24:47;13.70026302;-89.20315552;2;68;4.21;491;27.09;56.83;67
2025-02-15 11:24:57;13.70026016;-89.20326233;2;67;4.19;496;27.13;57.46;70
2025-02-15 11:25:08;13.70029545;-89.20336151;1;67;4.18;465;27.16;55.94;54
2025-02-15 11:25:18;13.70031261;-89.20347595;1;68;4.19;455;27.25;55.63;49
2025-02-15 11:25:28;13.7002449;-89.20361328;2;66;4.19;486;27.59;57.35;65
2025-02-15 11:25:38;13.70023727;-89.20372772;2;68;4.19;547;27.79;54.89;98
2025-02-15 11:25:48;13.70029354;-89.20383453;2;83;4.19;715;27.35;55.89;218
2025-02-15 11:25:58;13.70031071;-89.20394135;2;71;4.19;598;27.37;56.29;131
2025-02-15 11:26:10;13.70030022;-89.20406342;2;71;4.12;564;27.34;55.72;109
2025-02-15 11:26:19;13.70032597;-89.20415497;2;68;4.21;563;27.15;56.05;108
2025-02-15 11:26:29;13.70027065;-89.20431519;2;67;4.23;582;26.81;56.14;120
2025-02-15 11:26:39;13.70027637;-89.20446777;2;69;4.19;624;26.98;56.96;148
2025-02-15 11:26:51;13.7002697;-89.20459747;2;69;4.24;683;27.14;57.84;192
2025-02-15 11:27:02;13.70027161;-89.20469666;2;68;4.19;671;27.13;57.49;183
2025-02-15 11:27:10;13.70028496;-89.20456696;2;67;4.19;660;26.8;57.85;174
2025-02-15 11:27:20;13.70028496;-89.20446777;2;71;4.19;572;26.87;56.61;114
2025-02-15 11:27:33;13.70032501;-89.2043457;2;72;4.19;527;26.78;56.59;87
2025-02-15 11:27:40;13.70029831;-89.20417023;2;72;4.19;503;26.86;58.51;74
2025-02-15 11:27:51;13.70027447;-89.20406342;2;73;4.19;490;26.49;57.09;67
2025-02-15 11:28:02;13.700243;-89.2039032;2;70;4.19;494;26.49;57.22;69
2025-02-15 11:28:12;13.70019054;-89.20378876;2;73;4.15;506;26.45;57.57;76
2025-02-15 11:28:21;13.70014;-89.2036972;2;68;4.19;522;26.36;57.4;84
2025-02-15 11:28:32;13.70003891;-89.20374298;1;66;4.19;483;26.35;58.18;63
2025-02-15 11:28:42;13.69992542;-89.20374298;1;73;4.18;470;26.37;57.98;57
2025-02-15 11:28:52;13.69978142;-89.20378876;1;66;4.19;469;26.66;57.49;56
2025-02-15 11:29:02;13.69962883;-89.20385742;2;66;4.19;579;26.71;57.51;118
2025-02-15 11:29:12;13.69955158;-89.20381165;2;74;4.17;590;26.9;57.49;126
2025-02-15 11:29:24;13.69951344;-89.20362091;2;79;4.2;558;27.23;56.38;106
2025-02-15 11:29:33;13.69949245;-89.20347595;2;81;4.19;531;27.53;56.44;89
2025-02-15 11:29:43;13.69944286;-89.20330811;2;64;4.14;555;27.69;55.57;103
2025-02-15 11:29:53;13.69940186;-89.20314789;2;74;4.18;624;28.2;54.91;148
2025-02-15 11:30:03;13.69942474;-89.20300293;2;77;4.19;623;28.65;53.83;147
2025-02-15 11:30:14;13.69939709;-89.20287323;3;67;4.18;803;29.09;52.97;306
2025-02-15 11:30:25;13.69939041;-89.20281219;3;73;4.19;749;29.48;52.09;248
2025-02-15 11:30:34;13.69941807;-89.20265961;2;75;4.19;626;29.67;51.26;149
2025-02-15 11:30:45;13.6995573;-89.20263672;2;75;4.19;545;29.65;50.69;98
2025-02-15 11:30:55;13.69970894;-89.20266724;2;74;4.18;552;29.15;50.94;102
2025-02-15 11:31:05;13.69984436;-89.20259094;2;66;4.19;666;29.18;51.48;179
2025-02-15 11:31:16;13.6999588;-89.20259857;2;63;4.12;586;28.93;51.86;122
2025-02-15 11:31:25;13.70008183;-89.20259094;3;71;4.18;774;28.96;52.79;271
2025-02-15 11:31:35;13.70021343;-89.20258331;3;62;4.19;801;28.85;52.16;301
2025-02-15 11:31:45;13.70030308;-89.20256042;2;63;4.15;594;28.82;51.56;128
2025-02-15 11:31:56;13.70039463;-89.20249176;2;63;4.19;515;28.7;52.22;80
2025-02-15 11:32:06;13.70052528;-89.20252991;2;66;4.18;541;28.63;53.77;95
2025-02-15 11:32:16;13.70065784;-89.20251465;2;79;4.17;696;28.58;52.6;202
2025-02-15 11:32:26;13.70077229;-89.2024765;2;65;4.19;555;28.38;52.26;103
2025-02-15 11:32:36;13.70088387;-89.2024231;2;65;4.19;536;28.47;52.83;92
2025-02-15 11:32:47;13.70090389;-89.20241547;2;61;4.19;653;28.43;53.18;169
2025-02-15 11:32:57;13.70102978;-89.2024231;3;74;4.18;829;28.46;53.97;382
2025-02-15 11:33:07;13.70116138;-89.20232391;2;73;4.21;628;28.43;53.58;151
2025-02-15 11:33:17;13.70111179;-89.20220184;2;67;4.18;525;28.54;52.44;86
2025-02-15 11:33:27;13.7011013;-89.20206451;1;71;4.18;483;28.47;52.38;63
2025-02-15 11:33:38;13.70103645;-89.2019577;2;66;4.18;515;28.25;52.64;80
2025-02-15 11:33:48;13.70103645;-89.20179749;2;76;4.18;488;28.29;52.96;66
2025-02-15 11:33:58;13.70102692;-89.20167542;2;70;4.18;492;28.31;53.54;68
2025-02-15 11:34:08;13.70103264;-89.20161438;2;83;4.18;581;28.31;54.44;120
2025-02-15 11:34:18;13.70103931;-89.20161438;2;83;4.18;517;28.33;54.45;81
2025-02-15 11:34:29;13.70105267;-89.20159912;1;87;4.19;478;28.28;54.39;60
2025-02-15 11:34:39;13.70103931;-89.20158386;2;71;4.18;487;28.3;54.19;65
2025-02-15 11:34:49;13.70098877;-89.2015152;2;65;4.13;527;27.99;54.77;87
2025-02-15 11:34:59;13.70097923;-89.20129395;2;66;4.18;548;27.88;54.58;99
2025-02-15 11:35:10;13.70090103;-89.20121765;2;78;4.18;648;27.88;54.26;165
2025-02-15 11:35:20;13.70084095;-89.20120239;2;79;4.15;628;28.09;55.17;151
2025-02-15 11:35:30;13.70073032;-89.20121002;2;71;4.18;558;28.15;54.08;105
2025-02-15 11:35:40;13.70069599;-89.20115662;2;72;4.18;529;28.16;53.63;88
2025-02-15 11:35:50;13.70053291;-89.2011795;2;70;4.18;567;28.21;54.15;111
2025-02-15 11:36:01;13.70035458;-89.20115662;2;71;4.17;658;28.48;54.03;173
2025-02-15 11:36:13;13.70030022;-89.20120239;3;78;4.18;834;28.68;53.35;398
2025-02-15 11:36:21;13.70027733;-89.20117188;3;73;4.1;892;28.73;53.2;587
2025-02-15 11:36:31;13.70021629;-89.20118713;3;76;4.18;843;28.73;55.24;426
2025-02-15 11:36:42;13.70020199;-89.20110321;3;70;4.17;803;28.8;54.57;305
2025-02-15 11:36:53;13.70013046;-89.20101929;3;72;4.18;788;29.09;53.15;284
2025-02-15 11:37:03;13.70011139;-89.20090485;2;71;4.18;609;29.4;51.69;138
2025-02-15 11:37:12;13.70010567;-89.20080566;2;72;4.17;638;29.82;50.69;158
2025-02-15 11:37:26;13.70007896;-89.20069122;3;72;4.13;800;30.28;51.25;298
2025-02-15 11:37:33;13.70004559;-89.20059967;2;64;4.24;624;30.69;50.09;148
2025-02-15 11:37:49;13.70006943;-89.20048523;2;61;4.17;518;31.53;50.99;82
2025-02-15 11:38:00;13.70017242;-89.20048523;2;62;4.18;521;31.79;49.64;84
2025-02-15 11:38:10;13.70024681;-89.20050049;2;65;4.15;532;31.6;48.94;90
2025-02-15 11:38:20;13.70024967;-89.20049286;2;65;4.18;530;31.19;48.0;89
2025-02-15 11:38:30;13.70025444;-89.20049286;2;69;4.17;523;30.97;47.73;85
2025-02-15 11:38:40;13.70025444;-89.20049286;2;71;4.17;513;30.79;47.86;79
2025-02-15 11:38:51;13.70025444;-89.20049286;2;69;4.17;531;30.64;47.83;89
2025-02-15 11:39:01;13.70025444;-89.20049286;2;66;4.18;519;30.25;48.02;83
2025-02-15 11:39:11;13.70025444;-89.20049286;2;65;4.13;504;29.57;48.52;74
2025-02-15 11:39:21;13.70025444;-89.20049286;2;75;4.18;494;29.29;49.21;69
2025-02-15 11:39:31;13.70025444;-89.20049286;2;68;4.18;507;29.31;49.47;76
2025-02-15 11:39:42;13.70025444;-89.20049286;2;70;4.17;500;29.3;49.75;72
2025-02-15 11:39:59;13.70025444;-89.20049286;2;69;4.15;520;29.22;49.49;83
2025-02-15 15:46:03;13.70015717;-89.19998169;1;68;4.15;432;26.11;73.24;38
2025-02-15 15:46:13;13.70017815;-89.19999695;1;70;4.16;430;26.08;72.43;37
2025-02-15 15:46:23;13.70019722;-89.19998169;1;68;4.16;411;26.12;71.85;28
2025-02-15 15:46:33;13.70024014;-89.19996643;1;64;4.15;400;26.08;71.76;22
2025-02-15 15:46:44;13.70024776;-89.20001221;1;68;4.15;416;26.05;71.24;31
2025-02-15 15:46:54;13.70023537;-89.20000458;1;67;4.15;435;26.19;71.38;39
2025-02-15 15:47:04;13.70025158;-89.20001984;1;70;4.15;407;26.17;71.23;27
2025-02-15 15:47:14;13.70024395;-89.20004272;1;69;4.15;440;26.22;71.08;42
2025-02-15 15:47:25;13.70027065;-89.20002747;1;67;4.15;468;26.22;70.71;55
2025-02-15 15:47:34;13.70033836;-89.20000458;2;62;4.15;492;26.26;70.27;68
2025-02-15 15:47:45;13.70042515;-89.19997406;2;65;4.15;494;26.25;70.89;69
2025-02-15 15:47:55;13.70052433;-89.1999588;1;66;4.15;441;26.28;70.87;42
2025-02-15 15:48:05;13.7005558;-89.1999588;1;65;4.16;467;26.33;71.84;55
2025-02-15 15:48:15;13.70057201;-89.1999588;1;72;4.15;483;26.37;72.7;63
2025-02-15 15:48:26;13.70055771;-89.19996643;4;63;4.12;917;26.44;71.87;675
2025-02-15 15:48:36;13.70055676;-89.19996643;2;64;4.15;607;26.55;73.22;137
2025-02-15 15:48:46;13.70056057;-89.19997406;2;71;4.16;547;26.63;71.8;99
2025-02-15 15:48:56;13.70056057;-89.19998169;2;74;4.16;496;26.7;72.29;70
2025-02-15 15:49:07;13.70056057;-89.19996643;2;69;4.16;589;26.77;70.59;125
2025-02-15 15:49:18;13.70055866;-89.1999588;2;68;4.15;695;26.8;70.48;202
2025-02-15 15:49:27;13.7005558;-89.1999588;2;73;4.13;580;26.84;69.22;119
2025-02-15 15:49:37;13.70055771;-89.19997406;2;69;4.16;511;26.91;70.47;78
2025-02-15 15:49:47;13.70055008;-89.19996643;2;69;4.15;559;26.93;68.68;106
2025-02-15 15:49:57;13.70055103;-89.19996643;2;66;4.15;690;26.89;70.11;198
2025-02-15 15:50:34;13.70056152;-89.19997406;1;76;4.15;471;26.84;70.5;57
2025-02-15 15:50:38;13.70056343;-89.1999588;4;71;4.12;1014;26.88;69.11;1051
2025-02-15 15:50:55;13.70056629;-89.19995117;3;76;4.11;828;26.93;70.31;380
2025-02-15 15:51:05;13.70056725;-89.19992828;2;67;4.16;573;26.97;70.8;115
2025-02-15 15:51:15;13.70053577;-89.19991302;2;73;4.15;619;27.05;69.61;145
2025-02-15 15:51:25;13.7005434;-89.19992828;2;67;4.15;586;27.13;69.01;122
2025-02-15 15:51:36;13.70056438;-89.19994354;2;73;4.13;514;27.19;69.19;80
2025-02-15 15:51:46;13.70066071;-89.19989777;2;69;4.1;504;27.22;68.78;74
2025-02-15 15:51:56;13.70074463;-89.19994354;2;68;4.1;614;27.25;70.54;141
2025-02-15 15:52:06;13.70081997;-89.19992828;3;63;4.15;867;27.29;69.34;501
2025-02-15 15:52:23;13.70086098;-89.19999695;3;69;4.14;828;27.4;67.69;379
2025-02-15 15:52:30;13.70087433;-89.20006561;2;65;4.14;569;27.41;67.41;112
2025-02-15 15:54:20;13.70092869;-89.20070648;2;73;4.13;637;27.42;70.13;157
2025-02-15 15:54:31;13.70092106;-89.20079041;2;72;4.14;577;27.47;72.25;117
2025-02-15 15:54:51;13.70091629;-89.20081329;2;78;4.13;603;27.46;70.83;134
2025-02-15 15:54:51;13.70091534;-89.20088959;2;75;4.11;654;27.45;68.31;170
2025-02-15 15:55:01;13.70094299;-89.20100403;2;80;4.13;617;27.17;68.01;144
2025-02-15 15:55:11;13.70098019;-89.20127106;1;68;4.15;470;27.24;69.03;57
2025-02-15 15:55:21;13.70099258;-89.20146942;1;64;4.14;424;27.26;68.51;35
2025-02-15 15:55:31;13.70098782;-89.20162964;1;64;4.13;433;27.38;70.02;39
2025-02-15 15:55:41;13.70096016;-89.20173645;1;66;4.1;406;27.32;68.97;26
2025-02-15 15:55:52;13.70093918;-89.20175171;2;66;4.13;604;27.52;71.95;134
2025-02-15 15:56:02;13.70095825;-89.20175934;2;62;4.15;535;27.66;70.99;91
2025-02-15 15:56:12;13.70096588;-89.20176697;2;63;4.14;524;27.69;69.77;85
2025-02-15 15:56:22;13.70094967;-89.20169067;2;65;4.13;489;27.8;67.43;66
2025-02-15 15:56:32;13.70096588;-89.20170593;2;68;4.14;520;27.7;66.56;83
2025-02-15 15:56:43;13.70097256;-89.20182037;2;60;4.14;599;27.36;66.6;131
2025-02-15 15:56:53;13.70102692;-89.20193481;1;63;4.14;482;27.09;67.17;63
2025-02-15 15:57:03;13.70103931;-89.20207977;2;70;4.13;499;27.25;66.92;72
2025-02-15 15:57:13;13.70110989;-89.20233154;2;74;4.1;543;27.36;69.28;96
2025-02-15 15:57:24;13.70108032;-89.20237732;2;71;4.11;609;27.49;67.37;138
2025-02-15 15:57:34;13.70114136;-89.2024765;2;79;4.14;633;27.47;66.82;155
2025-02-15 15:57:44;13.70114708;-89.20276642;2;71;4.13;516;27.5;67.02;81
2025-02-15 15:57:54;13.7012434;-89.20292664;2;67;4.14;616;27.35;67.15;143
2025-02-15 15:58:04;13.70129108;-89.20315552;2;70;4.13;564;27.3;68.01;109
2025-02-15 15:58:14;13.70128345;-89.20330048;2;77;4.1;551;27.32;67.37;101
2025-02-15 15:58:25;13.70131588;-89.20341492;2;85;4.14;531;27.18;70.19;90
2025-02-15 15:58:35;13.70127296;-89.20349884;2;76;4.14;548;27.11;69.54;99
2025-02-15 15:58:45;13.7013216;-89.2036438;2;86;4.13;621;27.12;68.02;146
2025-02-15 15:58:55;13.7013607;-89.20376587;3;87;4.1;737;26.93;69.92;237
2025-02-15 15:59:05;13.70137882;-89.20388794;2;82;4.14;675;26.95;68.44;186
2025-02-15 15:59:16;13.70141506;-89.20405579;2;77;4.13;667;26.97;68.13;179
2025-02-15 15:59:26;13.70138645;-89.2041626;3;77;4.12;722;26.9;68.91;224
2025-02-15 15:59:37;13.70134354;-89.20423126;2;77;4.15;652;26.76;69.11;168
2025-02-15 15:59:46;13.70137215;-89.20439148;2;77;4.09;663;26.81;71.2;177
2025-02-15 15:59:57;13.70136261;-89.20449829;2;74;4.14;632;26.86;69.92;154
2025-02-15 16:00:07;13.70131683;-89.20463562;2;80;4.14;648;26.86;69.0;166
2025-02-15 16:00:18;13.70116615;-89.20465088;2;78;4.14;563;26.84;68.68;109
2025-02-15 16:00:28;13.70104408;-89.20462799;3;82;4.13;866;26.85;68.72;500
2025-02-15 16:00:47;13.70081902;-89.20461273;2;73;4.09;658;26.82;68.04;173
2025-02-15 16:00:56;13.70067978;-89.20464325;2;76;4.12;581;26.75;68.16;120
2025-02-15 16:01:07;13.70053673;-89.20470428;2;66;3.81;597;26.86;68.27;130
2025-02-15 16:01:27;13.70039368;-89.20475006;2;67;4.13;639;26.83;68.16;159
2025-02-15 16:01:27;13.70028687;-89.20479584;2;66;4.12;588;26.75;68.14;124
2025-02-15 16:01:37;13.70016479;-89.20478821;2;73;4.09;568;26.73;68.8;111
2025-02-15 16:01:51;13.70003223;-89.2048645;2;72;4.07;580;26.67;68.72;119
2025-02-15 16:01:58;13.69992065;-89.20478821;2;81;4.09;571;26.71;69.25;113
2025-02-15 16:02:23;13.6997242;-89.20481873;2;76;4.12;520;26.59;69.58;83
2025-02-15 16:02:23;13.69964886;-89.20477295;2;74;4.12;487;26.18;69.94;65
2025-02-15 16:02:35;13.69957161;-89.20426941;2;71;4.12;521;26.21;72.88;84
2025-02-15 16:02:46;13.69947433;-89.20406342;2;79;4.14;509;26.18;72.84;77
2025-02-15 16:02:56;13.69952488;-89.20387268;2;84;4.1;577;26.17;73.77;117
2025-02-15 16:03:06;13.69954967;-89.20385742;3;71;4.12;767;26.22;73.66;264
2025-02-15 16:03:16;13.69955063;-89.20386505;2;79;4.13;670;26.29;74.07;182
2025-02-15 16:03:26;13.69956017;-89.20385742;3;80;4.12;862;26.3;73.81;485
2025-02-15 16:03:36;13.69956112;-89.20379639;3;78;4.14;863;26.27;72.15;491
2025-02-15 16:03:47;13.69954681;-89.20361328;2;85;4.13;657;26.32;71.77;172
2025-02-15 16:03:57;13.69934368;-89.20314789;2;80;4.12;568;26.25;71.63;111
2025-02-15 16:04:07;13.69929409;-89.20279694;2;82;4.12;654;26.3;71.68;169
2025-02-15 16:04:18;13.6994257;-89.20253754;3;75;4.13;760;26.23;71.55;258
2025-02-15 16:04:28;13.69930077;-89.20231628;2;70;4.11;550;26.18;71.71;100
2025-02-15 16:04:38;13.69926739;-89.20201874;2;73;4.13;518;26.19;71.49;82
2025-02-15 16:04:48;13.69916916;-89.20167542;2;73;4.12;521;26.09;71.18;84
2025-02-15 16:04:58;13.6991272;-89.20141602;2;73;4.11;510;25.95;73.06;78
2025-02-15 16:05:08;13.69918156;-89.20121002;2;71;4.12;536;25.52;73.44;92
2025-02-15 16:05:18;13.69909286;-89.20124054;2;76;4.13;543;25.45;74.93;96
2025-02-15 16:05:29;13.69907665;-89.20108795;2;75;4.09;568;25.55;74.56;111
2025-02-15 16:05:39;13.69904137;-89.20096588;2;78;4.12;546;25.64;76.01;98
2025-02-15 16:05:49;13.6991148;-89.20088959;2;68;4.11;675;25.75;76.51;186
2025-02-15 16:05:59;13.69909954;-89.20077515;2;64;4.11;668;25.83;76.36;181
2025-02-15 16:06:10;13.69904613;-89.20061493;2;69;4.12;596;25.91;75.2;129
2025-02-15 16:06:20;13.69907188;-89.20027161;2;71;4.13;705;25.88;74.45;209
2025-02-15 16:06:30;13.69911766;-89.2000885;2;74;4.09;693;25.97;78.04;200
2025-02-15 16:06:40;13.69919777;-89.20008087;2;75;4.13;638;26.05;75.31;158
2025-02-15 16:06:50;13.69931602;-89.20007324;2;72;4.14;599;26.11;74.98;131
2025-02-15 16:07:01;13.69945908;-89.20008087;2;74;4.1;625;26.14;72.92;149
2025-02-15 16:07:11;13.69956589;-89.20006561;2;73;4.13;704;26.09;72.8;209
2025-02-15 16:07:21;13.69969177;-89.20004272;3;70;4.13;804;26.17;73.36;308
2025-02-15 16:07:31;13.69984436;-89.20004272;2;74;4.1;704;26.27;72.83;208
2025-02-15 16:07:41;13.69987965;-89.2000885;2;72;4.12;634;26.4;71.23;155
2025-02-15 16:07:52;13.69989681;-89.20021057;3;75;4.11;720;26.41;70.72;223
2025-02-15 16:08:02;13.69991016;-89.20033264;2;74;4.12;668;26.3;70.56;180
2025-02-15 16:08:12;13.69989014;-89.20040131;2;73;4.12;580;26.27;71.35;119
2025-02-15 16:08:22;13.69992065;-89.20046234;2;74;4.12;583;26.26;71.87;121
2025-02-15 16:08:32;13.69991112;-89.2004776;2;71;4.11;596;26.38;71.87;129
2025-02-15 16:08:43;13.69991302;-89.20054626;2;71;4.12;610;26.41;71.73;139
2025-02-15 16:08:53;13.69991016;-89.20069885;2;68;4.13;652;26.45;72.49;168
2025-02-15 16:09:03;13.69995308;-89.20085907;3;72;4.1;855;26.53;71.17;464
2025-02-15 16:09:13;13.69999313;-89.20109558;3;70;4.12;803;26.53;71.76;306
2025-02-15 16:09:24;13.69990253;-89.20114136;3;71;4.1;811;26.75;70.62;328
2025-02-15 16:09:34;13.69974327;-89.2011795;3;73;4.09;810;26.94;70.31;326
2025-02-15 16:09:44;13.69964886;-89.20122528;4;73;4.11;992;26.41;70.56;960
2025-02-15 16:09:54;13.6995697;-89.2012558;3;75;4.12;749;26.25;71.15;247
2025-02-15 16:10:04;13.69947433;-89.2013092;3;72;4.1;802;26.36;70.91;302
2025-02-15 16:10:15;13.69937515;-89.20133972;3;69;4.11;813;26.44;70.48;336
2025-02-15 16:10:25;13.69929123;-89.2013855;2;76;4.12;651;26.36;70.28;167
2025-02-15 16:10:35;13.69924736;-89.20162201;2;72;4.1;588;26.44;70.46;124
2025-02-15 16:10:45;13.6992569;-89.20192719;2;71;4.12;558;26.63;70.0;105
2025-02-15 16:10:55;13.69926167;-89.20223999;2;74;4.12;534;26.8;70.86;91
2025-02-15 16:11:06;13.69935131;-89.20251465;2;67;4.08;530;27.02;69.48;89
2025-02-15 16:11:16;13.69946384;-89.20261383;2;67;4.12;583;26.8;70.04;120
2025-02-15 16:11:26;13.69959736;-89.2026062;2;66;4.1;626;27.02;70.19;149
2025-02-15 16:11:36;13.69972515;-89.20259857;2;69;4.09;605;27.25;69.82;135
2025-02-15 16:11:47;13.69985199;-89.20264435;2;66;4.1;706;27.09;68.37;211
2025-02-15 16:11:57;13.69995022;-89.20262909;2;65;4.11;673;27.41;69.48;184
2025-02-15 16:12:07;13.70009136;-89.2026062;2;71;4.09;654;27.6;67.16;169
2025-02-15 16:12:17;13.7001133;-89.20271301;2;70;4.1;598;27.72;67.58;131
2025-02-15 16:12:27;13.70012665;-89.20282745;2;74;4.1;566;27.88;66.06;110
2025-02-15 16:12:38;13.70013905;-89.20293427;2;63;4.1;640;27.96;66.35;160
2025-02-15 16:12:48;13.70013809;-89.20303345;2;65;4.13;684;27.97;65.56;193
2025-02-15 16:12:58;13.7001543;-89.20316315;2;64;4.1;714;27.84;65.04;217
2025-02-15 16:13:08;13.70016384;-89.20327759;2;62;4.1;661;27.85;67.28;175
2025-02-15 16:13:19;13.70017147;-89.20339203;2;64;4.12;665;27.87;65.97;178
2025-02-15 16:13:29;13.70018673;-89.20349121;2;66;4.09;661;27.89;66.3;175
2025-02-15 16:13:39;13.70022869;-89.20365143;2;69;4.1;712;27.78;66.68;216
2025-02-15 16:13:50;13.70012856;-89.20370483;2;75;4.12;688;27.61;66.57;196
2025-02-15 16:13:59;13.70000935;-89.2036972;3;69;4.1;752;27.66;66.22;251
2025-02-15 16:14:10;13.69989014;-89.20374298;3;66;4.11;837;27.59;66.51;406
2025-02-15 16:14:20;13.69979;-89.20375824;3;64;4.1;763;27.25;66.45;260
2025-02-15 16:14:30;13.69966316;-89.20378876;2;69;4.09;707;26.98;67.37;212
2025-02-15 16:14:40;13.69961357;-89.2038269;3;69;4.09;747;26.06;69.57;246
2025-02-15 16:14:50;13.6997118;-89.20385742;2;86;4.1;634;26.29;71.34;155
2025-02-15 16:15:01;13.69980621;-89.20383453;2;67;4.11;715;26.35;70.98;218
2025-02-15 16:15:11;13.69988155;-89.20381165;3;69;4.12;726;26.38;71.27;227
2025-02-15 16:15:21;13.69999313;-89.20378113;3;72;4.1;816;26.39;71.13;343
2025-02-15 16:15:31;13.70009995;-89.20370483;3;76;4.1;828;26.43;70.73;380
2025-02-15 16:15:41;13.70020485;-89.20378113;3;67;4.08;830;26.43;71.16;385
2025-02-15 16:15:52;13.7002573;-89.20394897;2;67;4.11;641;26.45;71.16;160
2025-02-15 16:16:02;13.70028591;-89.20410156;2;78;4.1;618;26.52;71.86;144
2025-02-15 16:16:12;13.70027161;-89.20420074;2;82;4.1;621;26.58;72.27;146
2025-02-15 16:16:22;13.70029545;-89.20429993;3;69;4.1;743;26.52;72.53;242
2025-02-15 16:16:32;13.70028591;-89.20440674;3;65;4.1;748;26.56;71.97;246
2025-02-15 16:16:43;13.70027542;-89.20456696;2;63;4.1;711;26.7;72.78;215
2025-02-15 16:16:53;13.70029068;-89.20465851;2;80;4.1;668;26.8;70.72;180
2025-02-15 16:17:03;13.70029354;-89.20468903;2;66;4.1;653;26.78;70.6;169
2025-02-15 16:17:33;13.70028019;-89.2046051;2;67;4.09;635;26.59;70.35;156
2025-02-15 16:17:34;13.70027733;-89.20452881;2;60;4.11;612;26.58;70.17;140
2025-02-15 16:17:36;13.70026493;-89.204422;2;63;4.07;603;26.58;71.39;134
2025-02-15 16:17:44;13.70031261;-89.20431519;3;64;4.09;739;26.57;71.19;239
2025-02-15 16:17:54;13.70025921;-89.20419312;2;71;4.05;712;26.64;71.57;215
2025-02-15 16:18:04;13.70028496;-89.20406342;2;66;4.09;633;26.63;71.67;155
2025-02-15 16:18:15;13.70024776;-89.20391846;2;68;4.09;588;26.67;70.87;124
2025-02-15 16:18:25;13.7002058;-89.20379639;2;71;4.1;646;26.68;70.11;164
2025-02-15 16:18:35;13.70021439;-89.20355988;2;74;4.11;664;26.62;70.39;177
2025-02-15 16:18:45;13.70022106;-89.20334625;2;68;4.07;628;25.88;71.83;151
2025-02-15 16:18:55;13.70025921;-89.20304871;3;70;4.13;742;25.62;73.0;241
2025-02-15 16:19:06;13.70018196;-89.20281219;2;78;4.12;566;25.46;73.67;110
2025-02-15 16:19:16;13.70018291;-89.20278168;2;70;4.1;608;25.41;73.93;137
2025-02-15 16:19:26;13.70014191;-89.20261383;2;67;4.09;514;25.42;74.63;80
2025-02-15 16:19:37;13.70027924;-89.20249939;2;67;4.1;521;25.36;74.71;84
2025-02-15 16:19:46;13.70043087;-89.20249176;2;68;4.1;598;25.33;74.95;131
2025-02-15 16:19:57;13.70052624;-89.2024765;2;70;4.1;658;25.43;75.24;173
2025-02-15 16:20:07;13.70062256;-89.20246124;2;75;4.1;580;25.31;75.32;119
2025-02-15 16:20:17;13.70078468;-89.20240784;2;67;4.11;566;25.48;75.93;110
2025-02-15 16:20:27;13.7009306;-89.20240021;3;68;4.1;728;25.8;75.77;229
2025-02-15 16:20:38;13.70105362;-89.20240021;2;73;4.1;674;26.12;74.07;185
2025-02-15 16:20:48;13.70108604;-89.20228577;2;73;4.08;562;26.3;72.64;108
2025-02-15 16:20:58;13.70110703;-89.20199585;3;69;4.09;855;25.6;73.66;465
2025-02-15 16:21:08;13.70102596;-89.20165253;2;66;4.1;578;25.47;74.53;118
2025-02-15 16:21:18;13.70103931;-89.20143127;2;76;4.16;534;25.47;74.32;91
2025-02-15 16:21:29;13.70104694;-89.20140076;2;70;4.11;545;25.51;76.12;98
2025-02-15 16:21:39;13.70101929;-89.20126343;3;65;4.1;720;25.6;75.84;222
2025-02-15 16:21:49;13.70095921;-89.20108032;2;69;4.1;658;25.62;74.84;172
2025-02-15 16:21:59;13.70080757;-89.20108032;2;76;4.09;554;25.15;75.94;103
2025-02-15 16:22:10;13.70055294;-89.2011261;3;72;4.09;734;25.03;76.58;234
2025-02-15 16:22:28;13.70024681;-89.20117188;3;74;4.08;728;24.97;76.54;229
2025-02-15 16:22:30;13.70005894;-89.20114899;2;73;4.09;672;25.15;77.14;183
2025-02-15 16:22:40;13.70008278;-89.20101166;2;73;4.1;614;25.23;75.71;141
2025-02-15 16:22:50;13.70001984;-89.20089722;2;66;4.05;611;25.48;75.15;139
2025-02-15 16:23:01;13.69996929;-89.20081329;2;67;4.1;578;25.55;74.76;118
2025-02-15 16:23:11;13.69991398;-89.20071411;2;64;4.1;548;25.66;74.62;99
2025-02-15 16:23:21;13.69990253;-89.20058441;2;63;4.09;656;25.71;74.7;171
2025-02-15 16:23:31;13.6998806;-89.2004776;2;60;4.1;562;25.85;73.76;107
2025-02-15 16:23:41;13.69988823;-89.20033264;2;62;4.09;538;25.83;73.01;93
2025-02-15 16:23:52;13.69993305;-89.20030975;2;83;4.09;535;25.94;75.25;91
2025-02-15 16:24:02;13.69993019;-89.20029449;2;69;4.1;542;25.95;74.86;96
2025-02-15 16:24:12;13.69994831;-89.20030212;2;67;4.09;530;26.09;73.46;89
2025-02-15 16:24:22;13.70001602;-89.20037079;2;65;4.05;620;26.26;73.66;145
2025-02-15 16:24:33;13.70006466;-89.20043182;2;71;4.09;602;26.42;72.22;133
2025-02-15 16:24:43;13.70017719;-89.20044708;2;65;4.1;548;26.37;72.9;99
2025-02-15 16:24:53;13.70029068;-89.20048523;2;64;4.1;552;26.66;70.99;102
2025-02-15 16:25:03;13.70029736;-89.20048523;2;65;4.08;544;26.64;72.94;97
2025-02-15 16:25:27;13.70090008;-89.20043945;2;63;4.1;526;26.56;70.43;86
2025-02-15 16:25:38;13.70092487;-89.2006073;2;65;4.07;547;26.5;70.8;99
2025-02-15 16:25:48;13.70087814;-89.20063782;2;66;4.09;520;26.09;71.89;83
2025-02-15 16:26:00;13.70093918;-89.20071411;3;72;4.1;791;26.13;72.23;288
2025-02-15 16:26:08;13.70092773;-89.20081329;4;78;4.06;938;26.2;72.87;750
2025-02-15 16:26:18;13.70093346;-89.20089722;3;66;4.1;872;26.22;72.78;520
2025-02-15 16:26:30;13.7009201;-89.20097351;3;64;4.08;876;26.34;71.37;534
2025-02-15 16:26:39;13.70094872;-89.2011261;3;70;4.07;768;25.89;72.48;265
2025-02-15 16:26:49;13.70099831;-89.20121765;2;62;4.11;714;25.86;72.58;217
2025-02-15 16:26:59;13.70101166;-89.20133209;2;63;4.04;609;25.68;73.12;138
2025-02-15 16:27:10;13.70103455;-89.20145416;2;78;4.06;596;25.73;73.37;129
2025-02-15 16:27:20;13.70103359;-89.20159912;2;69;4.1;583;25.75;74.81;121
2025-02-15 16:27:30;13.7009306;-89.20163727;2;62;4.1;674;25.85;73.76;185
2025-02-15 16:27:40;13.70090199;-89.20170593;2;60;4.07;596;25.77;73.15;129
2025-02-15 16:27:50;13.70090675;-89.20175171;2;64;4.08;623;25.87;75.42;147
2025-02-15 16:28:01;13.70092487;-89.20178986;2;58;4.08;632;25.96;75.67;154
2025-02-15 16:28:11;13.70095158;-89.20178986;2;65;4.07;655;26.07;76.86;171